1,Buffy,Del Checolo,bdelchecolo0@marketwatch.com,Assistant Manager
1,Ashly,Ryan,aryan1@so-net.ne.jp,Geological Engineer
1,Eldin,Jedrysik,ejedrysik2@360.cn,Compensation Analyst
1,Arleen,Stormonth,astormonth3@bizjournals.com,Help Desk Technician
1,Nathanial,Ilem,nilem4@reddit.com,VP Marketing
1,Phebe,Kender,pkender5@hc360.com,Health Coach II
1,Stevie,Twede,stwede6@harvard.edu,Administrative Officer
1,Cherye,Partridge,cpartridge7@sphinn.com,Nurse
1,Sianna,Alam,salam8@unesco.org,Mechanical Systems Engineer
1,Pearline,Blannin,pblannin9@creativecommons.org,Account Coordinator
1,Dewain,Rothera,drotheraa@google.ca,Cost Accountant
1,Briggs,Keely,bkeelyb@pen.io,Help Desk Technician
1,Gill,Somner,gsomnerc@pinterest.com,Safety Technician III
1,Debera,Geockle,dgeockled@sun.com,Staff Scientist
1,Pia,Luttgert,pluttgerte@epa.gov,Staff Scientist
1,Marie,Niezen,mniezenf@mac.com,Mechanical Systems Engineer
1,Vinnie,Puxley,vpuxleyg@ftc.gov,Design Engineer
1,Jamil,Cousans,jcousansh@shareasale.com,Payment Adjustment Coordinator
1,Marcel,Semechik,msemechiki@skype.com,Assistant Manager
1,Madalyn,Longmore,mlongmorej@paypal.com,Civil Engineer
1,Lilla,Crank,lcrankk@earthlink.net,VP Sales
1,Enrique,Bayliss,ebaylissl@blog.com,Occupational Therapist
1,Finley,Matveyev,fmatveyevm@behance.net,Accounting Assistant IV
1,Enrika,Drinkall,edrinkalln@wired.com,Research Associate
1,Maurita,Whifen,mwhifeno@netvibes.com,Staff Accountant II
1,Shellysheldon,Goodanew,sgoodanewp@netscape.com,Cost Accountant
1,Becky,Tydeman,btydemanq@bloglines.com,Account Executive
1,Bronny,Gottschalk,bgottschalkr@weather.com,VP Product Management
1,Tannie,Allgood,tallgoods@toplist.cz,Software Engineer IV
1,Roxine,Halahan,rhalahant@microsoft.com,Account Coordinator
1,Raina,Dwane,rdwaneu@ovh.net,Technical Writer
1,Thomasin,Beckerleg,tbeckerlegv@delicious.com,Accounting Assistant I
1,Lotty,MacKilroe,lmackilroew@etsy.com,Database Administrator II
1,Roseanne,Fibbit,rfibbitx@hhs.gov,Dental Hygienist
1,Amble,Fulun,afuluny@miitbeian.gov.cn,Food Chemist
1,Ingram,Howman,ihowmanz@yellowbook.com,Software Test Engineer I
1,Meyer,Wingrove,mwingrove10@gnu.org,Budget/Accounting Analyst IV
1,Tremain,Yurenin,tyurenin11@youtu.be,Graphic Designer
1,Floris,Chartres,fchartres12@topsy.com,Software Consultant
1,Fan,Toler,ftoler13@indiatimes.com,Nurse Practicioner
1,Cori,Scoggins,cscoggins14@usatoday.com,Occupational Therapist
1,Clair,Golt,cgolt15@tinypic.com,Media Manager IV
1,Jack,Loxly,jloxly16@php.net,Biostatistician I
1,Christiane,Paur,cpaur17@myspace.com,Legal Assistant
1,Meriel,Crone,mcrone18@dyndns.org,VP Marketing
1,Dorisa,Bucktrout,dbucktrout19@google.it,Community Outreach Specialist
1,Eugenius,Santhouse,esanthouse1a@nydailynews.com,Physical Therapy Assistant
1,Ediva,Dawley,edawley1b@mapquest.com,Technical Writer
1,Franchot,Pundy,fpundy1c@wordpress.com,Nurse Practicioner
1,Louie,Bridgewood,lbridgewood1d@fc2.com,Human Resources Manager
2,Verney,Ast,vast1e@wikia.com,Junior Executive
2,Iolande,Croysdale,icroysdale1f@telegraph.co.uk,Technical Writer
2,Aeriell,Diggins,adiggins1g@scribd.com,Research Assistant III
2,Lian,Murrthum,lmurrthum1h@wikispaces.com,Budget/Accounting Analyst II
2,Hill,Leaburn,hleaburn1i@salon.com,Developer III
2,Alvis,Scarlett,ascarlett1j@hubpages.com,Librarian
2,Orelia,Risley,orisley1k@admin.ch,Pharmacist
2,Danell,Brinkley,dbrinkley1l@dagondesign.com,Registered Nurse
2,Gabriello,Kemmet,gkemmet1m@bbb.org,Geological Engineer
2,Jerrine,Jacobowicz,jjacobowicz1n@soundcloud.com,Design Engineer
2,Rutger,Feldharker,rfeldharker1o@prweb.com,Compensation Analyst
2,Garrard,Cissen,gcissen1p@ucsd.edu,Quality Control Specialist
2,Leonie,Enbury,lenbury1q@discovery.com,Director of Sales
2,Randa,Lieb,rlieb1r@bluehost.com,General Manager
2,Clio,Schwand,cschwand1s@mediafire.com,Registered Nurse
2,Gray,Jakoubec,gjakoubec1t@nih.gov,Legal Assistant
2,Gilbert,Stellino,gstellino1u@scribd.com,Media Manager I
2,Jock,Barnham,jbarnham1v@diigo.com,Information Systems Manager
2,Bettina,Gell,bgell1w@yellowpages.com,Assistant Media Planner
2,Saundra,Klishin,sklishin1x@networksolutions.com,Director of Sales
2,Daisi,Cobelli,dcobelli1y@fotki.com,VP Sales
2,Vevay,Waterstone,vwaterstone1z@cdbaby.com,Project Manager
2,Siana,Lavalle,slavalle20@topsy.com,Compensation Analyst
2,Kizzie,Exrol,kexrol21@tinypic.com,Senior Developer
2,Tarrah,MacRorie,tmacrorie22@stumbleupon.com,Nurse Practicioner
2,Linn,Jopke,ljopke23@amazon.co.uk,Quality Control Specialist
2,Nicole,Heater,nheater24@domainmarket.com,Financial Advisor
2,Lombard,Trotman,ltrotman25@devhub.com,Senior Cost Accountant
2,Clarette,Senogles,csenogles26@slate.com,Payment Adjustment Coordinator
2,Adair,Speechly,aspeechly27@alibaba.com,Librarian
2,Tildi,Jacob,tjacob28@mysql.com,Staff Accountant IV
2,Susanne,Ashman,sashman29@ucoz.ru,Automation Specialist I
2,Rex,Scholes,rscholes2a@nhs.uk,Assistant Professor
2,Cori,Janoch,cjanoch2b@rakuten.co.jp,Human Resources Assistant IV
2,Dana,Weekly,dweekly2c@mac.com,Associate Professor
2,Phaedra,Hallahan,phallahan2d@trellian.com,Pharmacist
2,Helena,Hanlon,hhanlon2e@stanford.edu,Community Outreach Specialist
2,Jeremie,Godson,jgodson2f@xinhuanet.com,Health Coach IV
2,Osbourne,Burdell,oburdell2g@china.com.cn,Analog Circuit Design manager
2,Andrea,Toe,atoe2h@technorati.com,Administrative Assistant II
2,Cori,Posvner,cposvner2i@zimbio.com,Software Test Engineer IV
2,Giraldo,Vischi,gvischi2j@mapquest.com,Developer II
2,Frans,Shippam,fshippam2k@nature.com,Help Desk Operator
2,Ulrika,Whipple,uwhipple2l@opera.com,Associate Professor
2,Camey,MacLeod,cmacleod2m@cocolog-nifty.com,Budget/Accounting Analyst IV
2,Merv,Cesaric,mcesaric2n@de.vu,Actuary
2,Bayard,Galloway,bgalloway2o@washingtonpost.com,Technical Writer
2,Annette,Prest,aprest2p@tumblr.com,Administrative Assistant I
2,Chickie,Fearon,cfearon2q@cbc.ca,Health Coach III
2,Gardy,Simpkins,gsimpkins2r@xinhuanet.com,Recruiter
3,Joyan,Beedham,jbeedham2s@trellian.com,Computer Systems Analyst I
3,Elysee,Webland,ewebland2t@prweb.com,Electrical Engineer
3,Eloise,Donisthorpe,edonisthorpe2u@columbia.edu,Senior Sales Associate
3,Reinhard,Croshaw,rcroshaw2v@macromedia.com,Social Worker
3,Stephan,MacKowle,smackowle2w@virginia.edu,Programmer III
3,Quincy,Pritchard,qpritchard2x@nature.com,VP Quality Control
3,Patrizia,Counter,pcounter2y@hostgator.com,Internal Auditor
3,Ashlan,Bakster,abakster2z@nyu.edu,Web Developer III
3,Abigael,Weston,aweston30@ucoz.com,Paralegal
3,Meyer,Oven,moven31@e-recht24.de,Engineer IV
3,Henri,Teresi,hteresi32@fc2.com,Office Assistant I
3,Rodolph,Sinyard,rsinyard33@ca.gov,Staff Scientist
3,Delmor,Paunsford,dpaunsford34@webmd.com,Physical Therapy Assistant
3,Trevar,Gibbon,tgibbon35@discuz.net,Legal Assistant
3,Viviana,Scarlett,vscarlett36@newsvine.com,Executive Secretary
3,Freda,Carsberg,fcarsberg37@mozilla.org,Health Coach I
3,Adriena,Tweedle,atweedle38@cdbaby.com,GIS Technical Architect
3,Conn,Garlicke,cgarlicke39@livejournal.com,Financial Analyst
3,Idalia,McMurthy,imcmurthy3a@geocities.jp,Paralegal
3,Agathe,Dederick,adederick3b@jigsy.com,Software Test Engineer III
3,Ebenezer,Rostern,erostern3c@boston.com,Geologist I
3,Anjela,Caro,acaro3d@issuu.com,Assistant Media Planner
3,Harmonia,Carvilla,hcarvilla3e@house.gov,Food Chemist
3,Valdemar,Juleff,vjuleff3f@wikipedia.org,Teacher
3,Flo,Threadgould,fthreadgould3g@weibo.com,Information Systems Manager
3,Conney,Pharrow,cpharrow3h@craigslist.org,Tax Accountant
3,Mariquilla,Oldaker,moldaker3i@shinystat.com,Project Manager
3,Dorisa,Avramovich,davramovich3j@yahoo.com,Speech Pathologist
3,Jack,Bulmer,jbulmer3k@list-manage.com,Web Developer I
3,Corty,Fugere,cfugere3l@loc.gov,Biostatistician I
3,Waly,Larmouth,wlarmouth3m@feedburner.com,Software Test Engineer III
3,Dagny,Allon,dallon3n@cdbaby.com,Financial Analyst
3,Yancey,Booley,ybooley3o@webnode.com,Sales Associate
3,Bradley,Milburn,bmilburn3p@java.com,Senior Developer
3,Adams,Turrill,aturrill3q@1688.com,Recruiting Manager
3,Gawen,Bletsor,gbletsor3r@scientificamerican.com,Business Systems Development Analyst
3,Hillard,Sugden,hsugden3s@amazonaws.com,Staff Scientist
3,Thaine,Bills,tbills3t@shinystat.com,Speech Pathologist
3,Nichole,Runacres,nrunacres3u@smugmug.com,Recruiter
3,Timmy,Stringer,tstringer3v@blinklist.com,Civil Engineer
3,Connie,Guierre,cguierre3w@yelp.com,Occupational Therapist
3,Gratia,Bradbrook,gbradbrook3x@bbb.org,Occupational Therapist
3,Jessica,Mailey,jmailey3y@admin.ch,Budget/Accounting Analyst III
3,Oren,Thyer,othyer3z@deliciousdays.com,Speech Pathologist
3,Laurena,Brenard,lbrenard40@newsvine.com,Actuary
3,Beverie,Wehden,bwehden41@mysql.com,General Manager
3,Lizette,Mocquer,lmocquer42@house.gov,Social Worker
3,Tris,Ambler,tambler43@rediff.com,Computer Systems Analyst I
3,Rip,Turbill,rturbill44@sbwire.com,Civil Engineer
3,Joya,Gommowe,jgommowe45@amazon.com,Geological Engineer
4,Sayre,Ianilli,sianilli46@live.com,Senior Cost Accountant
4,Veda,Turnock,vturnock47@tumblr.com,Actuary
4,Cristina,Hoggins,choggins48@howstuffworks.com,Occupational Therapist
4,Alexandre,White,awhite49@tuttocitta.it,Junior Executive
4,Artie,Jeppe,ajeppe4a@ifeng.com,Technical Writer
4,Electra,Vooght,evooght4b@1688.com,Nurse Practicioner
4,Joscelin,Hammand,jhammand4c@sun.com,Web Developer II
4,Fidelity,Brunskill,fbrunskill4d@ucoz.com,Systems Administrator III
4,Sibylle,Eunson,seunson4e@arizona.edu,Engineer II
4,Clarabelle,Lindenman,clindenman4f@stanford.edu,Senior Sales Associate
4,Sterne,Duke,sduke4g@g.co,Associate Professor
4,Pepita,Patria,ppatria4h@seesaa.net,Structural Analysis Engineer
4,Biddie,Howkins,bhowkins4i@google.it,Cost Accountant
4,Hyacinth,Kaine,hkaine4j@wikimedia.org,Accounting Assistant IV
4,Ashlen,Novkovic,anovkovic4k@booking.com,Senior Cost Accountant
4,Harriott,Han,hhan4l@ow.ly,Information Systems Manager
4,Tracie,Trunkfield,ttrunkfield4m@baidu.com,Senior Financial Analyst
4,Maure,Ysson,mysson4n@altervista.org,Payment Adjustment Coordinator
4,Shaina,Boaler,sboaler4o@yahoo.com,VP Sales
4,Desmond,Blain,dblain4p@qq.com,Technical Writer
4,Alaster,Gioan,agioan4q@google.ca,Senior Editor
4,Erin,Landre,elandre4r@techcrunch.com,Food Chemist
4,Daune,Quinion,dquinion4s@dailymotion.com,Geological Engineer
4,Jacinta,Scalera,jscalera4t@over-blog.com,Senior Cost Accountant
4,Laureen,Nineham,lnineham4u@hp.com,Financial Analyst
4,Moyna,Prattin,mprattin4v@shareasale.com,Systems Administrator I
4,Karen,Teasey,kteasey4w@xrea.com,Desktop Support Technician
4,Spense,Gehrtz,sgehrtz4x@livejournal.com,Senior Developer
4,Myrilla,Shallow,mshallow4y@java.com,Registered Nurse
4,Orton,Durrant,odurrant4z@howstuffworks.com,Accountant III
4,Jaymie,Goldsberry,jgoldsberry50@behance.net,Sales Associate
4,Viviyan,Deeny,vdeeny51@china.com.cn,VP Sales
4,Nicolina,Bools,nbools52@networksolutions.com,Technical Writer
4,Eldin,Breakwell,ebreakwell53@alibaba.com,Junior Executive
4,Hurlee,Farebrother,hfarebrother54@360.cn,Mechanical Systems Engineer
4,Tamar,McKimmey,tmckimmey55@barnesandnoble.com,Compensation Analyst
4,Gerladina,Reeken,greeken56@icio.us,Systems Administrator II
4,Teddi,Doyley,tdoyley57@seesaa.net,Budget/Accounting Analyst III
4,Gracie,Kobpa,gkobpa58@yellowbook.com,Executive Secretary
4,Keri,Nuemann,knuemann59@epa.gov,VP Marketing
4,Mace,Wey,mwey5a@nydailynews.com,Compensation Analyst
4,Waly,Ghidoli,wghidoli5b@alexa.com,Teacher
4,Lenore,Giacopelo,lgiacopelo5c@deviantart.com,Food Chemist
4,Arlene,Sallowaye,asallowaye5d@vk.com,Business Systems Development Analyst
4,Ali,Bountiff,abountiff5e@constantcontact.com,Web Designer III
4,Emmit,Marrows,emarrows5f@xinhuanet.com,Civil Engineer
4,Trenton,Danton,tdanton5g@nymag.com,Accounting Assistant IV
4,Silva,Sculpher,ssculpher5h@nifty.com,Design Engineer
4,Kristy,Rottger,krottger5i@arizona.edu,Web Developer III
4,Cob,Stelljes,cstelljes5j@fc2.com,VP Sales
5,Isabelita,De Paepe,idepaepe5k@theguardian.com,Technical Writer
5,Gweneth,O'Ruane,goruane5l@fda.gov,Research Associate
5,Jackie,O'Rafferty,jorafferty5m@ucsd.edu,Recruiting Manager
5,Elmo,Pennetta,epennetta5n@jimdo.com,Internal Auditor
5,Patrizia,Thomason,pthomason5o@msn.com,Biostatistician III
5,Ilyssa,Ivashkov,iivashkov5p@ameblo.jp,Editor
5,Nixie,Giraudat,ngiraudat5q@plala.or.jp,Help Desk Technician
5,Tabby,Rayman,trayman5r@bandcamp.com,Systems Administrator III
5,Mordy,Chasmoor,mchasmoor5s@slideshare.net,Product Engineer
5,Farrell,Teggart,fteggart5t@example.com,Programmer Analyst IV
5,Clayton,Fairbridge,cfairbridge5u@gizmodo.com,Account Coordinator
5,Mickie,Pithie,mpithie5v@qq.com,Accountant I
5,Gerianne,Dran,gdran5w@noaa.gov,Pharmacist
5,Mack,Lampkin,mlampkin5x@time.com,Dental Hygienist
5,Joanie,Agglione,jagglione5y@yale.edu,Programmer I
5,Giraldo,MacAnulty,gmacanulty5z@earthlink.net,VP Accounting
5,Debra,Vedyashkin,dvedyashkin60@bigcartel.com,Financial Advisor
5,Mathe,Pinckney,mpinckney61@utexas.edu,Staff Scientist
5,Rosie,Foulgham,rfoulgham62@uol.com.br,Safety Technician I
5,Linet,Cayet,lcayet63@amazon.de,Human Resources Assistant IV
5,Jacquette,Dedden,jdedden64@ed.gov,Payment Adjustment Coordinator
5,Clifford,Masterson,cmasterson65@ucsd.edu,Computer Systems Analyst II
5,Nicol,Thew,nthew66@geocities.com,Software Test Engineer III
5,Blaine,Crankhorn,bcrankhorn67@epa.gov,Web Developer I
5,Jareb,Sabbatier,jsabbatier68@globo.com,Speech Pathologist
5,Wallache,Roux,wroux69@dyndns.org,Software Test Engineer II
5,Miof mela,Van Zon,mvanzon6a@msn.com,Payment Adjustment Coordinator
5,Arnie,Caughtry,acaughtry6b@yahoo.com,VP Accounting
5,Adelaide,Jillett,ajillett6c@cnn.com,Help Desk Technician
5,Worthy,Rourke,wrourke6d@un.org,Food Chemist
5,Trix,Aspinwall,taspinwall6e@livejournal.com,Nurse Practicioner
5,Tove,Barreau,tbarreau6f@1688.com,Senior Financial Analyst
5,Hephzibah,Dullaghan,hdullaghan6g@gnu.org,Computer Systems Analyst I
5,Dud,Victoria,dvictoria6h@comcast.net,Design Engineer
5,Reuben,Bardill,rbardill6i@istockphoto.com,Director of Sales
5,Mile,Jeanequin,mjeanequin6j@altervista.org,Pharmacist
5,Danny,Barajas,dbarajas6k@1und1.de,Graphic Designer
5,Dorena,Abbate,dabbate6l@mit.edu,Administrative Officer
5,Ardath,Emeney,aemeney6m@odnoklassniki.ru,Assistant Professor
5,Port,Biermatowicz,pbiermatowicz6n@ycombinator.com,Community Outreach Specialist
5,Quentin,Wooder,qwooder6o@google.it,Paralegal
5,Carrie,Walbrook,cwalbrook6p@woothemes.com,Software Test Engineer I
5,Evy,Durnin,edurnin6q@tinypic.com,Analyst Programmer
5,Wilona,Barrack,wbarrack6r@timesonline.co.uk,Assistant Manager
5,Corrine,Turrill,cturrill6s@disqus.com,VP Accounting
5,Ardella,Jemmison,ajemmison6t@nymag.com,Data Coordiator
5,Ulysses,Thompkins,uthompkins6u@amazon.co.jp,Financial Advisor
5,Jarvis,Bettinson,jbettinson6v@usa.gov,VP Marketing
5,Cecile,Philps,cphilps6w@flavors.me,Automation Specialist I
5,Evyn,Johl,ejohl6x@godaddy.com,Payment Adjustment Coordinator
6,Tina,Maddicks,tmaddicks6y@home.pl,Director of Sales
6,Royal,Langlois,rlanglois6z@liveinternet.ru,Statistician II
6,Analise,Midner,amidner70@cpanel.net,VP Accounting
6,Luce,Hembrow,lhembrow71@sina.com.cn,Computer Systems Analyst II
6,Stephani,Fancutt,sfancutt72@ucoz.com,Nuclear Power Engineer
6,Kristal,Zaple,kzaple73@linkedin.com,Human Resources Manager
6,Melba,Attow,mattow74@artisteer.com,Statistician III
6,Worth,Prynne,wprynne75@baidu.com,Assistant Professor
6,Chicky,Ohms,cohms76@nyu.edu,Community Outreach Specialist
6,Marylin,Tudgay,mtudgay77@qq.com,Financial Analyst
6,Ulrike,Wegenen,uwegenen78@ebay.co.uk,Human Resources Assistant IV
6,Christin,Stonard,cstonard79@yandex.ru,Nurse Practicioner
6,Lauren,Basile,lbasile7a@ted.com,GIS Technical Architect
6,Haley,Swindell,hswindell7b@g.co,Nuclear Power Engineer
6,Nelson,Plowright,nplowright7c@printfriendly.com,Geologist I
6,Meier,Houchin,mhouchin7d@ycombinator.com,Senior Financial Analyst
6,Florie,Scown,fscown7e@usa.gov,Help Desk Operator
6,Cal,Gussie,cgussie7f@paypal.com,Legal Assistant
6,Ruben,Beckley,rbeckley7g@jimdo.com,Developer II
6,Addy,Persey,apersey7h@businessinsider.com,Actuary
6,Rosalind,Ferraretto,rferraretto7i@addtoany.com,Executive Secretary
6,Mady,Cholwell,mcholwell7j@yahoo.co.jp,Desktop Support Technician
6,Gweneth,Cordelet,gcordelet7k@posterous.com,Account Executive
6,Opalina,Gwalter,ogwalter7l@fema.gov,Financial Analyst
6,Ailey,Bineham,abineham7m@canalblog.com,Data Coordiator
6,Delbert,McIlhone,dmcilhone7n@opensource.org,Financial Advisor
6,Glenine,Vigar,gvigar7o@facebook.com,Software Test Engineer IV
6,Baron,McGeraghty,bmcgeraghty7p@spotify.com,Marketing Assistant
6,Binnie,Yeomans,byeomans7q@wisc.edu,Executive Secretary
6,Bili,Beamish,bbeamish7r@who.int,Civil Engineer
6,Nancy,Dmitr,ndmitr7s@flavors.me,Structural Analysis Engineer
6,Davey,Castlake,dcastlake7t@umich.edu,Web Designer I
6,Rosanne,Balham,rbalham7u@simplemachines.org,VP Product Management
6,Tabb,Syne,tsyne7v@soup.io,Nurse
6,Justen,Dewdney,jdewdney7w@com.com,Structural Analysis Engineer
6,Emmeline,Klimentov,eklimentov7x@vimeo.com,Financial Analyst
6,Malory,Mortimer,mmortimer7y@stanford.edu,Operator
6,Frederich,Dell Casa,fdellcasa7z@g.co,Analog Circuit Design manager
6,Maxi,Norwich,mnorwich80@twitter.com,VP Product Management
6,Arda,Rubery,arubery81@admin.ch,VP Sales
6,Adrian,Yitzhak,ayitzhak82@mapquest.com,Environmental Specialist
6,Gwyn,Larwell,glarwell83@163.com,Sales Associate
6,Paolina,Smurfit,psmurfit84@fc2.com,Budget/Accounting Analyst III
6,Katha,Mauchlen,kmauchlen85@prnewswire.com,Financial Analyst
6,Myrle,Cassidy,mcassidy86@artisteer.com,Quality Control Specialist
6,Sheff,Mulbery,smulbery87@harvard.edu,Electrical Engineer
6,Marven,Ebbins,mebbins88@shop-pro.jp,Budget/Accounting Analyst III
6,Ernestus,Farncomb,efarncomb89@pagesperso-orange.fr,Geologist IV
6,Nickolai,Thompson,nthompson8a@networkadvertising.org,Registered Nurse
6,Marcelline,Becks,mbecks8b@nyu.edu,Safety Technician IV
7,Garald,Fiddymont,gfiddymont8c@merriam-webster.com,Nurse
7,Fifi,Wheldon,fwheldon8d@scribd.com,Speech Pathologist
7,Hardy,Sexton,hsexton8e@irs.gov,Nuclear Power Engineer
7,Hebert,Imison,himison8f@homestead.com,Technical Writer
7,Boot,Evetts,bevetts8g@macromedia.com,Business Systems Development Analyst
7,Leontine,Goodsell,lgoodsell8h@bigcartel.com,Structural Engineer
7,York,Boddington,yboddington8i@rakuten.co.jp,Executive Secretary
7,Archibold,Killeley,akilleley8j@newyorker.com,Environmental Specialist
7,Benedetta,Smallpeice,bsmallpeice8k@cpanel.net,Account Representative I
7,Cornela,Veare,cveare8l@feedburner.com,Pharmacist
7,Kristen,Christophers,kchristophers8m@ask.com,Financial Analyst
7,Levon,Sibbs,lsibbs8n@amazon.co.jp,Nurse Practicioner
7,Katine,Knowller,kknowller8o@google.co.jp,Accounting Assistant IV
7,Halley,Plenderleith,hplenderleith8p@etsy.com,Recruiter
7,Lenka,Martinetto,lmartinetto8q@biglobe.ne.jp,Project Manager
7,Barbee,Szubert,bszubert8r@ovh.net,Software Engineer II
7,Brose,Bartlosz,bbartlosz8s@nyu.edu,Senior Developer
7,Mychal,Gadney,mgadney8t@wikimedia.org,Professor
7,Gwendolin,Pereira,gpereira8u@trellian.com,Budget/Accounting Analyst IV
7,Tamqrah,Belvin,tbelvin8v@webs.com,Web Developer I
7,Suzanna,Goulborn,sgoulborn8w@yandex.ru,VP Accounting
7,Mab,Rupel,mrupel8x@sfgate.com,VP Accounting
7,Klemens,Silverlock,ksilverlock8y@istockphoto.com,Computer Systems Analyst III
7,Adriena,Deboick,adeboick8z@icq.com,Sales Associate
7,Katheryn,Hardisty,khardisty90@usa.gov,Executive Secretary
7,Chadd,Dymond,cdymond91@blogs.com,Legal Assistant
7,Lauri,Attrie,lattrie92@vistaprint.com,Help Desk Operator
7,Drucy,Rundle,drundle93@jigsy.com,Web Designer III
7,Anabal,Gamlin,agamlin94@dailymotion.com,Payment Adjustment Coordinator
7,Hendrick,O'Cassidy,hocassidy95@behance.net,GIS Technical Architect
7,Cairistiona,Gransden,cgransden96@wsj.com,Health Coach I
7,Veriee,Larkby,vlarkby97@bbb.org,Help Desk Technician
7,Evin,Corkill,ecorkill98@yelp.com,Research Assistant III
7,Evangelin,Tash,etash99@ning.com,Social Worker
7,Charo,Kubacek,ckubacek9a@youtu.be,Human Resources Manager
7,Ferd,Quickenden,fquickenden9b@digg.com,Senior Quality Engineer
7,Arabella,Everil,aeveril9c@comcast.net,Quality Engineer
7,Gordie,Peaple,gpeaple9d@abc.net.au,Occupational Therapist
7,Maiga,Lodovichi,mlodovichi9e@mozilla.com,Environmental Specialist
7,Lucina,Rubinivitz,lrubinivitz9f@google.com.hk,Recruiting Manager
7,Carley,Tune,ctune9g@prweb.com,Director of Sales
7,Domeniga,Orrow,dorrow9h@webmd.com,Environmental Specialist
7,Feodor,Dowzell,fdowzell9i@eepurl.com,Media Manager III
7,Regine,Voase,rvoase9j@chron.com,Junior Executive
7,Inglis,Evershed,ievershed9k@biglobe.ne.jp,Statistician I
7,Stoddard,Klimkov,sklimkov9l@wikia.com,Help Desk Technician
7,Nicola,Keefe,nkeefe9m@barnesandnoble.com,Software Consultant
7,Sanson,Scrammage,sscrammage9n@so-net.ne.jp,Information Systems Manager
7,Udale,Caulier,ucaulier9o@guardian.co.uk,Senior Financial Analyst
7,Regan,Treffrey,rtreffrey9p@woothemes.com,Actuary
8,Judi,Halley,jhalley9q@squarespace.com,Nuclear Power Engineer
8,Laughton,Zealander,lzealander9r@mac.com,Media Manager II
8,Sibley,Bevan,sbevan9s@parallels.com,Senior Quality Engineer
8,Barbie,Ebbers,bebbers9t@goodreads.com,Community Outreach Specialist
8,Nanine,Featley,nfeatley9u@psu.edu,Nurse
8,Noreen,Fuentez,nfuentez9v@typepad.com,Account Coordinator
8,Tam,Gonsalvez,tgonsalvez9w@livejournal.com,Product Engineer
8,Rosanne,Halsey,rhalsey9x@moonfruit.com,Help Desk Operator
8,Adair,Aspinal,aaspinal9y@skype.com,Desktop Support Technician
8,Crin,Weddell,cweddell9z@boston.com,Automation Specialist II
8,Henriette,Farn,hfarna0@gravatar.com,Mechanical Systems Engineer
8,Falkner,Checketts,fcheckettsa1@surveymonkey.com,Chemical Engineer
8,Rowney,Kain,rkaina2@dailymail.co.uk,Quality Engineer
8,Theodora,Hercules,therculesa3@bloomberg.com,Help Desk Technician
8,Kayley,Burstow,kburstowa4@zdnet.com,Operator
8,Katya,Mougeot,kmougeota5@surveymonkey.com,Pharmacist
8,Davide,Rapson,drapsona6@marriott.com,VP Quality Control
8,Melodie,Filewood,mfilewooda7@sogou.com,Analyst Programmer
8,Tedman,Yarnall,tyarnalla8@techcrunch.com,Assistant Professor
8,Modesty,Carbine,mcarbinea9@hostgator.com,Assistant Manager
8,Brendin,Duesbury,bduesburyaa@newyorker.com,Registered Nurse
8,Penelope,Berks,pberksab@people.com.cn,Senior Financial Analyst
8,Tabor,Maryska,tmaryskaac@phpbb.com,Environmental Specialist
8,Mimi,Jeanin,mjeaninad@prnewswire.com,Design Engineer
8,Kylynn,Gartell,kgartellae@addthis.com,Food Chemist
8,Sally,Saphir,ssaphiraf@barnesandnoble.com,Information Systems Manager
8,Osgood,Attwoul,oattwoulag@youku.com,Legal Assistant
8,Hewitt,Logsdale,hlogsdaleah@livejournal.com,Food Chemist
8,Coraline,Murphy,cmurphyai@biglobe.ne.jp,Analog Circuit Design manager
8,Raff,Jennaroy,rjennaroyaj@addtoany.com,Desktop Support Technician
8,Mandel,Crimmins,mcrimminsak@zimbio.com,Quality Control Specialist
8,Granville,Corton,gcortonal@google.com.hk,Safety Technician IV
8,Flor,Yakushkev,fyakushkevam@slashdot.org,Senior Sales Associate
8,Sonnie,Frodsham,sfrodshaman@amazon.co.uk,Librarian
8,Oliver,Swires,oswiresao@51.la,Senior Editor
8,Madeline,Lessmare,mlessmareap@shop-pro.jp,Community Outreach Specialist
8,Penelopa,Reolfo,preolfoaq@pbs.org,Marketing Assistant
8,Toddy,Axelbee,taxelbeear@e-recht24.de,Software Consultant
8,Celisse,Japp,cjappas@cargocollective.com,Software Consultant
8,Morty,Robotham,mrobothamat@cargocollective.com,Web Designer III
8,Devinne,Plowes,dplowesau@yolasite.com,Web Designer III
8,Filippa,Dikels,fdikelsav@yellowpages.com,Analog Circuit Design manager
8,Roland,Guido,rguidoaw@wikipedia.org,Software Consultant
8,Colette,Woodwind,cwoodwindax@arstechnica.com,Help Desk Operator
8,Dirk,O'Kielt,dokieltay@bing.com,Staff Accountant III
8,Nilson,Fillary,nfillaryaz@prnewswire.com,Programmer Analyst III
8,Deane,Pettie,dpettieb0@shinystat.com,VP Product Management
8,Koralle,Lang,klangb1@ow.ly,Quality Control Specialist
8,Xymenes,Stedmond,xstedmondb2@fda.gov,GIS Technical Architect
8,Pancho,Huggan,phugganb3@com.com,Editor
9,Rupert,Rate,rrateb4@census.gov,Civil Engineer
9,Elnora,Meenehan,emeenehanb5@360.cn,Engineer I
9,Basil,Lakenden,blakendenb6@sitemeter.com,Assistant Professor
9,Cornie,Gorick,cgorickb7@fc2.com,Information Systems Manager
9,Ernest,Abbey,eabbeyb8@t.co,Developer II
9,Pippo,Casetti,pcasettib9@auda.org.au,Help Desk Operator
9,Jase,Safhill,jsafhillba@mac.com,VP Marketing
9,Sileas,Iacobacci,siacobaccibb@chron.com,Dental Hygienist
9,Jackson,Ricoald,jricoaldbc@infoseek.co.jp,Research Nurse
9,Tommie,Cayton,tcaytonbd@apple.com,Project Manager
9,Johannah,Bigrigg,jbigriggbe@odnoklassniki.ru,Desktop Support Technician
9,Monroe,Kidman,mkidmanbf@wsj.com,Health Coach II
9,Ardelis,Glaserman,aglasermanbg@unblog.fr,Media Manager II
9,Rayner,Bowmen,rbowmenbh@goo.gl,Accounting Assistant IV
9,Isaiah,Tow,itowbi@soundcloud.com,Clinical Specialist
9,Ephrayim,Diehn,ediehnbj@xing.com,VP Marketing
9,Antonia,Halms,ahalmsbk@google.it,VP Product Management
9,Basilius,Turrell,bturrellbl@blog.com,Account Coordinator
9,Aundrea,Senn,asennbm@economist.com,Quality Engineer
9,Gonzales,Betjeman,gbetjemanbn@buzzfeed.com,Editor
9,Thalia,Wickson,twicksonbo@purevolume.com,Sales Representative
9,Yorke,Tompkin,ytompkinbp@marriott.com,Director of Sales
9,Didi,Pumphreys,dpumphreysbq@earthlink.net,Mechanical Systems Engineer
9,Michele,Keavy,mkeavybr@unicef.org,Programmer Analyst I
9,Norby,Pikesley,npikesleybs@live.com,Food Chemist
9,Johnathon,Vecard,jvecardbt@usgs.gov,Senior Financial Analyst
9,Denice,Rude,drudebu@lycos.com,Account Coordinator
9,Torrie,Neary,tnearybv@pbs.org,Nurse Practicioner
9,Edithe,Portingale,eportingalebw@wikispaces.com,Developer III
9,Klarika,Neaverson,kneaversonbx@tinypic.com,Editor
9,Josy,Lockley,jlockleyby@va.gov,Mechanical Systems Engineer
9,Kaylee,Dunge,kdungebz@icio.us,Programmer Analyst II
9,Hildegaard,Gobolos,hgobolosc0@bandcamp.com,Office Assistant I
9,Janeta,Cullen,jcullenc1@nba.com,Systems Administrator IV
9,Adan,Goligher,agoligherc2@geocities.jp,Account Representative I
9,Ricky,Philcock,rphilcockc3@bizjournals.com,Food Chemist
9,Viviene,MacGinley,vmacginleyc4@apple.com,GIS Technical Architect
9,Molly,Woodes,mwoodesc5@hud.gov,Senior Financial Analyst
9,Verile,Stocking,vstockingc6@cbslocal.com,Marketing Assistant
9,Marlow,Spearman,mspearmanc7@ucoz.ru,Senior Sales Associate
9,Quincy,Yeiles,qyeilesc8@scientificamerican.com,Clinical Specialist
9,Mable,Rowes,mrowesc9@comcast.net,Cost Accountant
9,Belita,Domerque,bdomerqueca@delicious.com,Web Designer II
9,Janenna,Messier,jmessiercb@ft.com,Engineer III
9,John,Borrett,jborrettcc@mapquest.com,Recruiting Manager
9,Ravi,Kitley,rkitleycd@odnoklassniki.ru,Software Engineer II
9,Tobey,Dominick,tdominickce@hp.com,VP Sales
9,Ransom,Gillebert,rgillebertcf@w3.org,Physical Therapy Assistant
9,Corny,Bullivent,cbulliventcg@shinystat.com,Clinical Specialist
9,Dun,Besemer,dbesemerch@goo.gl,Staff Scientist
10,Ranna,Allett,rallettci@state.tx.us,Operator
10,Elfrieda,Sanbroke,esanbrokecj@bluehost.com,Safety Technician III
10,Madel,Goldsbury,mgoldsburyck@hp.com,Senior Developer
10,Arther,Bentjens,abentjenscl@alibaba.com,Assistant Manager
10,Ethelbert,Dael,edaelcm@icio.us,Accounting Assistant III
10,Luigi,Spinney,lspinneycn@eventbrite.com,Speech Pathologist
10,Andonis,Flood,afloodco@nps.gov,Executive Secretary
10,Marianne,Gerald,mgeraldcp@weather.com,Assistant Manager
10,Alfy,McCroary,amccroarycq@drupal.org,Help Desk Technician
10,Birch,Gravy,bgravycr@nih.gov,Computer Systems Analyst III
10,Muriel,Grigorio,mgrigoriocs@mit.edu,Director of Sales
10,Ly,Rasp,lraspct@wiley.com,VP Marketing
10,Michel,Keppel,mkeppelcu@cdbaby.com,Account Coordinator
10,Dalila,Rowston,drowstoncv@w3.org,Account Executive
10,Oberon,McPartlin,omcpartlincw@webs.com,Internal Auditor
10,Burnaby,Waldram,bwaldramcx@marriott.com,Assistant Manager
10,Letti,Mallett,lmallettcy@indiegogo.com,Geological Engineer
10,Alyss,Crowcombe,acrowcombecz@mail.ru,Mechanical Systems Engineer
10,Judy,Ishak,jishakd0@fda.gov,Desktop Support Technician
10,Mallissa,Eicke,meicked1@acquirethisname.com,Nurse Practicioner
10,Kristien,McCarlich,kmccarlichd2@noaa.gov,Account Coordinator
10,Zoe,Wilshaw,zwilshawd3@about.me,Analyst Programmer
10,Iolanthe,Wilford,iwilfordd4@psu.edu,Human Resources Manager
10,Nicolea,Bielby,nbielbyd5@eventbrite.com,Payment Adjustment Coordinator
10,Fidela,Glisane,fglisaned6@twitpic.com,Software Consultant
10,Nil,Toffanini,ntoffaninid7@desdev.cn,VP Accounting
10,Kaitlynn,Chomicki,kchomickid8@dedecms.com,Desktop Support Technician
10,Shirlee,Ousley,sousleyd9@symantec.com,Financial Advisor
10,Henrie,Handes,hhandesda@so-net.ne.jp,Programmer Analyst IV
10,Donella,Patters,dpattersdb@sourceforge.net,Environmental Tech
10,Willie,Ahearne,wahearnedc@xing.com,Sales Associate
10,Nikolas,Willson,nwillsondd@eepurl.com,Civil Engineer
10,Ingar,Humber,ihumberde@de.vu,Office Assistant IV
10,Nevil,Mapother,nmapotherdf@smh.com.au,Software Engineer III
10,Phip,Dainton,pdaintondg@upenn.edu,Marketing Manager
10,Natasha,Cottee,ncotteedh@biglobe.ne.jp,Junior Executive
10,Lexine,Calabry,lcalabrydi@jigsy.com,Social Worker
10,Prentiss,Severn,pseverndj@google.com.br,Executive Secretary
10,Royall,Rebeiro,rrebeirodk@blogspot.com,Financial Advisor
10,Claus,Alasdair,calasdairdl@mozilla.com,Environmental Specialist
10,Joseph,Blankett,jblankettdm@delicious.com,Cost Accountant
10,Theodore,Race,tracedn@ft.com,Research Assistant IV
10,Kirby,Leroux,klerouxdo@ihg.com,Health Coach IV
10,Rafi,Kondratyuk,rkondratyukdp@noaa.gov,Database Administrator III
10,Aloysius,Chattaway,achattawaydq@yellowbook.com,VP Product Management
10,Helaina,Anlay,hanlaydr@yellowpages.com,Executive Secretary
10,Agace,Rosendorf,arosendorfds@blogs.com,Human Resources Manager
10,Jenilee,Mathevet,jmathevetdt@51.la,Help Desk Operator
10,Laural,Ruberti,lrubertidu@japanpost.jp,Graphic Designer
10,Gaye,Bolderstone,gbolderstonedv@liveinternet.ru,VP Accounting
11,Lyman,Comazzo,lcomazzodw@xrea.com,Staff Accountant I
11,Valida,Reggiani,vreggianidx@foxnews.com,Financial Analyst
11,Silvano,Couldwell,scouldwelldy@csmonitor.com,Programmer Analyst III
11,Katusha,Wardlow,kwardlowdz@github.io,Dental Hygienist
11,Aprilette,Swanton,aswantone0@howstuffworks.com,Chemical Engineer
11,Duffie,Godlee,dgodleee1@un.org,Staff Accountant I
11,Domeniga,Portam,dportame2@arstechnica.com,Speech Pathologist
11,Kelvin,Basili,kbasilie3@un.org,Programmer I
11,Camey,Rankine,crankinee4@sphinn.com,Operator
11,Mill,Upstell,mupstelle5@webnode.com,Operator
11,Alida,Rehor,arehore6@nhs.uk,Research Associate
11,Aristotle,Langelay,alangelaye7@bravesites.com,Office Assistant III
11,Kathryn,Rosenbloom,krosenbloome8@gravatar.com,Biostatistician I
11,Lora,Shatford,lshatforde9@dropbox.com,Recruiter
11,Helaina,Fawdery,hfawderyea@yellowpages.com,Physical Therapy Assistant
11,Bar,Caldaro,bcaldaroeb@behance.net,Computer Systems Analyst IV
11,Clementia,Lawles,clawlesec@people.com.cn,Help Desk Technician
11,Blaire,Begin,bbegined@answers.com,Media Manager IV
11,Boony,Burchill,bburchillee@purevolume.com,Health Coach IV
11,Emily,Hazleton,ehazletonef@is.gd,Environmental Tech
11,Nestor,Danielut,ndanieluteg@jugem.jp,Editor
11,Vassili,Trase,vtraseeh@people.com.cn,Account Representative IV
11,Fifine,Orman,formanei@cnbc.com,Automation Specialist IV
11,Teador,McGillivrie,tmcgillivrieej@tumblr.com,Research Assistant II
11,Caresse,Bunhill,cbunhillek@lulu.com,Administrative Officer
11,Mata,Bettinson,mbettinsonel@360.cn,Human Resources Assistant II
11,Duffy,Lidstone,dlidstoneem@php.net,Business Systems Development Analyst
11,Pauletta,Gerardin,pgerardinen@google.es,Director of Sales
11,Neville,Browne,nbrowneeo@imdb.com,Pharmacist
11,Leshia,Munden,lmundenep@gizmodo.com,Pharmacist
11,Viv,Thaine,vthaineeq@slideshare.net,Nurse Practicioner
11,Bibbie,Thuillier,bthuillierer@altervista.org,Office Assistant III
11,Jud,Van der Spohr,jvanderspohres@flickr.com,Accounting Assistant II
11,Ardisj,Furtado,afurtadoet@gnu.org,Internal Auditor
11,Chloris,Baty,cbatyeu@sbwire.com,Director of Sales
11,Clay,Fautley,cfautleyev@yolasite.com,Clinical Specialist
11,Joshuah,MacAlees,jmacaleesew@free.fr,Accounting Assistant IV
11,Rosamund,Pybus,rpybusex@bravesites.com,Environmental Specialist
11,Lizette,Shekle,lshekleey@ow.ly,Legal Assistant
11,Dean,Hambright,dhambrightez@yelp.com,Occupational Therapist
11,Jeane,Stickford,jstickfordf0@slideshare.net,Assistant Professor
11,Wynne,Rothert,wrothertf1@photobucket.com,Quality Control Specialist
11,Michelle,Afonso,mafonsof2@japanpost.jp,Recruiter
11,Hube,Forrestall,hforrestallf3@people.com.cn,Electrical Engineer
11,Gaynor,Grishenkov,ggrishenkovf4@army.mil,Physical Therapy Assistant
11,Papagena,Sparway,psparwayf5@sogou.com,Analog Circuit Design manager
11,Erda,Stobbe,estobbef6@cbslocal.com,Research Assistant II
11,Wittie,Stegers,wstegersf7@indiatimes.com,Developer IV
11,Reynolds,Plumb,rplumbf8@feedburner.com,Statistician IV
11,Otes,Odeson,oodesonf9@freewebs.com,Operator
12,Consuela,Constable,cconstablefa@yale.edu,VP Sales
12,Lauryn,Baignard,lbaignardfb@mozilla.org,Civil Engineer
12,Richardo,Jobbings,rjobbingsfc@marriott.com,Nurse Practicioner
12,Rebecca,Osbaldeston,rosbaldestonfd@storify.com,Structural Engineer
12,Levon,Dutson,ldutsonfe@icq.com,Cost Accountant
12,Dionne,Gagg,dgaggff@mail.ru,Administrative Officer
12,Leta,MacCathay,lmaccathayfg@merriam-webster.com,Analyst Programmer
12,Claudine,O'Hickee,cohickeefh@people.com.cn,Information Systems Manager
12,Adriana,Griston,agristonfi@economist.com,Paralegal
12,Harlene,Blockey,hblockeyfj@nationalgeographic.com,Graphic Designer
12,Adelice,Vayro,avayrofk@devhub.com,Nurse Practicioner
12,Kerk,Phipps,kphippsfl@yahoo.com,Desktop Support Technician
12,Pennie,McKevitt,pmckevittfm@un.org,Recruiting Manager
12,Jeremie,Halwell,jhalwellfn@upenn.edu,Account Coordinator
12,Delainey,Ralling,drallingfo@ow.ly,Structural Engineer
12,Henrie,Gaize,hgaizefp@jigsy.com,Research Associate
12,Merwyn,Goodacre,mgoodacrefq@stumbleupon.com,Senior Quality Engineer
12,Carlyle,Haw,chawfr@stanford.edu,Assistant Manager
12,Elena,Creddon,ecreddonfs@diigo.com,Technical Writer
12,Isidro,De la Zenne,idelazenneft@discovery.com,Software Test Engineer IV
12,Mavra,Prandin,mprandinfu@springer.com,Librarian
12,Briant,Cecchetelli,bcecchetellifv@about.com,Research Assistant IV
12,Dulcie,Martinovic,dmartinovicfw@smugmug.com,Staff Scientist
12,Val,Brookz,vbrookzfx@si.edu,Marketing Manager
12,Anett,De Coursey,adecourseyfy@nasa.gov,Nuclear Power Engineer
12,Sauveur,Brandreth,sbrandrethfz@pagesperso-orange.fr,Nurse
12,Ermin,Tabor,etaborg0@yelp.com,Marketing Manager
12,Crin,Klimochkin,cklimochking1@flickr.com,Food Chemist
12,Donnie,Kliemke,dkliemkeg2@angelfire.com,Human Resources Assistant I
12,Justis,Stronghill,jstronghillg3@loc.gov,Design Engineer
12,Benny,Hassekl,bhasseklg4@discovery.com,Sales Associate
12,Noll,Citrine,ncitrineg5@mtv.com,Nuclear Power Engineer
12,Sylas,Oven,soveng6@hatena.ne.jp,Health Coach III
12,Boycie,Julien,bjulieng7@va.gov,Office Assistant III
12,Elisabeth,Burgh,eburghg8@google.fr,Business Systems Development Analyst
12,Donnie,Antczak,dantczakg9@sciencedaily.com,Nurse
12,Jenelle,Davydychev,jdavydychevga@home.pl,Recruiting Manager
12,Den,Murty,dmurtygb@yellowbook.com,Nurse
12,Legra,Gert,lgertgc@livejournal.com,Programmer I
12,Candis,Sartin,csartingd@google.nl,Web Designer II
12,Feliza,Neeson,fneesonge@posterous.com,VP Quality Control
12,Tamarah,Dudman,tdudmangf@wikimedia.org,Cost Accountant
12,Jackie,Witcher,jwitchergg@cnet.com,Tax Accountant
12,Marcelle,MacEveley,mmaceveleygh@fema.gov,Clinical Specialist
12,Ilise,Tinker,itinkergi@biglobe.ne.jp,Software Test Engineer IV
12,Bendicty,Morston,bmorstongj@army.mil,Professor
12,Daron,Danielski,ddanielskigk@icio.us,Administrative Assistant I
12,Essa,Tollow,etollowgl@army.mil,Registered Nurse
12,Verla,Swaton,vswatongm@newsvine.com,Database Administrator III
12,Alfonso,Gregol,agregolgn@archive.org,Executive Secretary
13,Verge,Scotchforth,vscotchforthgo@naver.com,Assistant Media Planner
13,Auroora,Devonish,adevonishgp@newyorker.com,Systems Administrator III
13,Nadine,Summersett,nsummersettgq@dedecms.com,Computer Systems Analyst III
13,Joan,Nobes,jnobesgr@reuters.com,Cost Accountant
13,Misha,Mulbry,mmulbrygs@123-reg.co.uk,Occupational Therapist
13,Tomas,Seak,tseakgt@last.fm,Dental Hygienist
13,Keith,Jore,kjoregu@marketwatch.com,Librarian
13,Jeff,Goose,jgoosegv@skype.com,VP Product Management
13,Talbot,Le Maitre,tlemaitregw@blinklist.com,Social Worker
13,Alessandra,Scutchin,ascutchingx@reference.com,Junior Executive
13,Mata,Shinn,mshinngy@angelfire.com,Sales Associate
13,Orland,Ethelstone,oethelstonegz@senate.gov,VP Quality Control
13,Mollie,Andras,mandrash0@plala.or.jp,Administrative Officer
13,Leeland,Milne,lmilneh1@nydailynews.com,Nurse
13,Jo-ann,Bodell,jbodellh2@chron.com,Legal Assistant
13,Lorette,Jays,ljaysh3@goodreads.com,Systems Administrator III
13,Katheryn,Gokes,kgokesh4@hhs.gov,Registered Nurse
13,Tiffi,Vertigan,tvertiganh5@furl.net,Legal Assistant
13,Morgen,Waind,mwaindh6@zimbio.com,Electrical Engineer
13,Filmer,Mc Carroll,fmccarrollh7@bloomberg.com,Chemical Engineer
13,Daniele,Rand,drandh8@biglobe.ne.jp,Structural Engineer
13,Sophronia,Moxson,smoxsonh9@boston.com,Teacher
13,Veradis,Ellwand,vellwandha@diigo.com,Business Systems Development Analyst
13,Norene,Brazil,nbrazilhb@harvard.edu,VP Quality Control
13,Jamesy,Marvin,jmarvinhc@dyndns.org,Payment Adjustment Coordinator
13,Gilberto,Heersema,gheersemahd@live.com,Web Designer III
13,Ibbie,Artindale,iartindalehe@comcast.net,Editor
13,Dill,Le Bosse,dlebossehf@bloglovin.com,Software Test Engineer II
13,Wilburt,Aldcorne,waldcornehg@dailymotion.com,Registered Nurse
13,Zaria,Hyndman,zhyndmanhh@google.pl,Chemical Engineer
13,Dorisa,Dobbyn,ddobbynhi@bbb.org,Senior Sales Associate
13,Emmalee,Lehemann,elehemannhj@webeden.co.uk,Software Consultant
13,Ashley,Sammons,asammonshk@columbia.edu,Business Systems Development Analyst
13,Caritta,Hegel,chegelhl@com.com,Financial Analyst
13,Callean,Eicke,ceickehm@gov.uk,Nuclear Power Engineer
13,Waverley,Thies,wthieshn@wiley.com,Web Designer I
13,Alexine,Mulliner,amullinerho@google.co.uk,Marketing Manager
13,Felicio,Aers,faershp@cafepress.com,Compensation Analyst
13,Washington,St. Quentin,wstquentinhq@goodreads.com,Technical Writer
13,Byrann,Lory,bloryhr@google.it,Nurse
13,Zonda,Whitley,zwhitleyhs@tmall.com,Data Coordiator
13,Ignatius,Ladewig,iladewight@uol.com.br,VP Accounting
13,Cicily,Hadlee,chadleehu@google.fr,Account Coordinator
13,Norri,Drawmer,ndrawmerhv@cnn.com,Administrative Officer
13,Rosabella,Ellingsworth,rellingsworthhw@dmoz.org,Speech Pathologist
13,Cheston,Walisiak,cwalisiakhx@springer.com,Cost Accountant
13,Diena,Lathee,dlatheehy@businessinsider.com,Computer Systems Analyst III
13,Leoine,Massie,lmassiehz@gravatar.com,VP Quality Control
13,Pascal,Coskerry,pcoskerryi0@odnoklassniki.ru,Payment Adjustment Coordinator
13,Netta,Bodycote,nbodycotei1@soundcloud.com,Environmental Tech
14,Hephzibah,Farrance,hfarrancei2@shareasale.com,Occupational Therapist
14,Minnaminnie,Vercruysse,mvercruyssei3@huffingtonpost.com,Information Systems Manager
14,Dinny,Rudsdell,drudsdelli4@a8.net,Project Manager
14,Justen,Wedmore,jwedmorei5@patch.com,VP Quality Control
14,Edyth,Boissier,eboissieri6@csmonitor.com,Executive Secretary
14,Tisha,Comber,tcomberi7@nymag.com,Junior Executive
14,Charlotte,Demicoli,cdemicolii8@tinyurl.com,General Manager
14,Micheal,Broader,mbroaderi9@goo.gl,Nuclear Power Engineer
14,Ruthi,Martinyuk,rmartinyukia@weebly.com,Operator
14,Sampson,Mintoff,smintoffib@123-reg.co.uk,Teacher
14,Howie,Carlton,hcarltonic@arizona.edu,Product Engineer
14,Cathy,Simpson,csimpsonid@nih.gov,Office Assistant II
14,Marcelline,Cecil,mcecilie@furl.net,Engineer III
14,Fax,Deedes,fdeedesif@samsung.com,Civil Engineer
14,Quentin,Stollberg,qstollbergig@1und1.de,Automation Specialist III
14,Giacomo,Kees,gkeesih@eventbrite.com,Help Desk Technician
14,Rafferty,Gouldthorpe,rgouldthorpeii@samsung.com,Structural Analysis Engineer
14,Normie,Perott,nperottij@dell.com,Sales Associate
14,Marga,McNeigh,mmcneighik@twitter.com,Legal Assistant
14,Fredia,Gutman,fgutmanil@desdev.cn,Sales Associate
14,Verine,Porter,vporterim@privacy.gov.au,Registered Nurse
14,Gilbertina,Wozencraft,gwozencraftin@drupal.org,Operator
14,Markus,Twaite,mtwaiteio@boston.com,Physical Therapy Assistant
14,Cord,Saby,csabyip@surveymonkey.com,Quality Control Specialist
14,Steven,Beche,sbecheiq@npr.org,Project Manager
14,Mortimer,Halversen,mhalversenir@paypal.com,Web Developer IV
14,Maryellen,Nassey,mnasseyis@newsvine.com,Product Engineer
14,Caria,Jankowski,cjankowskiit@nih.gov,Cost Accountant
14,Shanie,Hamlett,shamlettiu@pagesperso-orange.fr,Administrative Assistant III
14,Luce,Cabrara,lcabraraiv@unesco.org,Social Worker
14,Lorie,Franzoli,lfranzoliiw@bandcamp.com,Legal Assistant
14,Elna,Sille,esilleix@sun.com,Web Designer IV
14,Dorisa,Spieght,dspieghtiy@cnet.com,VP Sales
14,Jorgan,Chessun,jchessuniz@usda.gov,Nuclear Power Engineer
14,Evey,Delbergue,edelberguej0@wikimedia.org,Chief Design Engineer
14,Floria,Utteridge,futteridgej1@businessinsider.com,Legal Assistant
14,Georgy,Matzaitis,gmatzaitisj2@bloomberg.com,Design Engineer
14,Arnoldo,Wyman,awymanj3@aboutads.info,Librarian
14,Dee dee,Krammer,dkrammerj4@wordpress.com,Safety Technician II
14,Nady,Kingswood,nkingswoodj5@walmart.com,Engineer IV
14,Padget,Gladtbach,pgladtbachj6@mapquest.com,Compensation Analyst
14,Fan,Brendish,fbrendishj7@soundcloud.com,Programmer Analyst IV
14,Allissa,Braithwait,abraithwaitj8@mashable.com,Chief Design Engineer
14,Zelda,Quimby,zquimbyj9@bing.com,Accounting Assistant IV
14,Roxie,Olkowicz,rolkowiczja@desdev.cn,Software Test Engineer III
14,Rolando,Pariss,rparissjb@cargocollective.com,Senior Financial Analyst
14,Desiri,Addicott,daddicottjc@zdnet.com,Help Desk Technician
14,Elizabet,Cutridge,ecutridgejd@fc2.com,Payment Adjustment Coordinator
14,Yancey,Dytham,ydythamje@xinhuanet.com,Office Assistant I
14,Tamiko,Kerrigan,tkerriganjf@upenn.edu,Analog Circuit Design manager
15,Mallissa,Bazylets,mbazyletsjg@redcross.org,Paralegal
15,Jennette,Bounds,jboundsjh@washingtonpost.com,Systems Administrator II
15,Bear,Dilley,bdilleyji@flavors.me,Technical Writer
15,Forrester,Codeman,fcodemanjj@ustream.tv,Senior Cost Accountant
15,Georas,Larby,glarbyjk@indiatimes.com,Pharmacist
15,El,Wallsam,ewallsamjl@jimdo.com,Technical Writer
15,Zahara,Rickwood,zrickwoodjm@princeton.edu,Food Chemist
15,Collie,Haldene,chaldenejn@google.nl,Recruiting Manager
15,Harlie,Corbridge,hcorbridgejo@psu.edu,Librarian
15,Ransom,Tomasz,rtomaszjp@virginia.edu,Web Developer IV
15,Isaac,Secker,iseckerjq@sakura.ne.jp,Internal Auditor
15,Ermin,Ivatts,eivattsjr@bandcamp.com,Community Outreach Specialist
15,Nicolina,Izakof,nizakofjs@topsy.com,Senior Financial Analyst
15,Giovanna,Dorkins,gdorkinsjt@barnesandnoble.com,Analog Circuit Design manager
15,Loren,McPheat,lmcpheatju@opera.com,Statistician III
15,Kirk,Sandlin,ksandlinjv@wired.com,Speech Pathologist
15,Harrison,Ravenscraft,hravenscraftjw@w3.org,Software Test Engineer II
15,Gerrie,Jeune,gjeunejx@deliciousdays.com,Media Manager III
15,Denice,Jickells,djickellsjy@sourceforge.net,Structural Analysis Engineer
15,Donavon,Scamal,dscamaljz@hugedomains.com,Director of Sales
15,Murdoch,Gargett,mgargettk0@phoca.cz,Occupational Therapist
15,Alysa,Shevels,ashevelsk1@blogger.com,Analog Circuit Design manager
15,Cynthy,Kennewell,ckennewellk2@domainmarket.com,Design Engineer
15,Randi,Nestoruk,rnestorukk3@simplemachines.org,Sales Representative
15,Tally,Bass,tbassk4@etsy.com,Nurse
15,Clarie,McKim,cmckimk5@tumblr.com,Programmer IV
15,Deedee,Elflain,delflaink6@dagondesign.com,Payment Adjustment Coordinator
15,Glyn,Reedie,greediek7@opera.com,VP Sales
15,Karleen,Speedin,kspeedink8@usda.gov,Human Resources Manager
15,Dodie,Mendenhall,dmendenhallk9@ebay.com,Sales Associate
15,Blisse,Davisson,bdavissonka@goo.ne.jp,Help Desk Operator
15,Juditha,Mynett,jmynettkb@amazonaws.com,Recruiting Manager
15,Devin,Girardy,dgirardykc@wikispaces.com,Quality Control Specialist
15,Hermon,Dipple,hdipplekd@is.gd,Staff Scientist
15,Griffie,Keyden,gkeydenke@dion.ne.jp,Quality Engineer
15,Even,Ludlom,eludlomkf@joomla.org,Sales Associate
15,Carlita,Domokos,cdomokoskg@shutterfly.com,Database Administrator III
15,Bealle,Du Pre,bduprekh@purevolume.com,Cost Accountant
15,Arlyn,Sibthorp,asibthorpki@livejournal.com,Database Administrator III
15,Britt,Stead,bsteadkj@is.gd,VP Quality Control
15,Eldredge,Oliphard,eoliphardkk@sogou.com,Physical Therapy Assistant
15,Bear,Sieur,bsieurkl@jimdo.com,Compensation Analyst
15,Meridel,Onslow,monslowkm@statcounter.com,VP Sales
15,Tabor,Storry,tstorrykn@amazon.com,Paralegal
15,Catrina,Cumberlidge,ccumberlidgeko@about.me,Sales Representative
15,Neely,Bowfin,nbowfinkp@skype.com,Assistant Manager
15,Gusella,Whitcher,gwhitcherkq@github.com,Marketing Manager
15,Grayce,Wenderoth,gwenderothkr@marriott.com,Technical Writer
15,Sarette,Casassa,scasassaks@netlog.com,Social Worker
15,Raine,Boolsen,rboolsenkt@zdnet.com,Junior Executive
16,Fabiano,Winspeare,fwinspeareku@tmall.com,Compensation Analyst
16,Huntington,Delepine,hdelepinekv@nasa.gov,Product Engineer
16,Genni,Keatley,gkeatleykw@issuu.com,Senior Editor
16,Nickolaus,Wickson,nwicksonkx@about.com,Research Associate
16,Tami,Reggler,tregglerky@earthlink.net,Operator
16,Codee,Reddan,creddankz@google.cn,Senior Sales Associate
16,Pacorro,Turone,pturonel0@cnet.com,Editor
16,Lay,Stolte,lstoltel1@alibaba.com,Account Executive
16,Danette,Greenroyd,dgreenroydl2@eventbrite.com,Automation Specialist IV
16,Tracie,Rigate,trigatel3@wix.com,Help Desk Operator
16,Leonelle,McKernan,lmckernanl4@rakuten.co.jp,Executive Secretary
16,Morey,Rammell,mrammelll5@rediff.com,Payment Adjustment Coordinator
16,Chrotoem,Pallesen,cpallesenl6@google.ru,Technical Writer
16,Rickey,Tortis,rtortisl7@lycos.com,Staff Scientist
16,Blakelee,Cubberley,bcubberleyl8@nature.com,VP Sales
16,Pascale,Thurling,pthurlingl9@t.co,Statistician III
16,Phip,Beynon,pbeynonla@google.com,Accounting Assistant II
16,Stella,Cheltnam,scheltnamlb@free.fr,Professor
16,Francisco,Sperrett,fsperrettlc@hao123.com,Geological Engineer
16,Tracy,Marsden,tmarsdenld@techcrunch.com,VP Marketing
16,Beverly,Cockill,bcockillle@statcounter.com,Environmental Specialist
16,Margret,Cuardall,mcuardalllf@discovery.com,Financial Advisor
16,Ashley,Ribey,aribeylg@yahoo.co.jp,Staff Accountant III
16,Trixy,Smitham,tsmithamlh@odnoklassniki.ru,Community Outreach Specialist
16,Marieann,April,maprilli@sitemeter.com,Research Assistant IV
16,Calv,Foy,cfoylj@cdc.gov,Geological Engineer
16,Shawna,MacKey,smackeylk@apache.org,Nurse Practicioner
16,Ashlin,Phil,aphilll@walmart.com,Analog Circuit Design manager
16,Salvador,Westpfel,swestpfellm@nasa.gov,Associate Professor
16,Lorenza,McElwee,lmcelweeln@princeton.edu,Mechanical Systems Engineer
16,Maynard,Wassell,mwasselllo@virginia.edu,Tax Accountant
16,Romy,Frude,rfrudelp@squidoo.com,Junior Executive
16,Grissel,Rawll,grawlllq@angelfire.com,VP Product Management
16,Clayborne,Lunn,clunnlr@123-reg.co.uk,Sales Associate
16,Anabal,Custy,acustyls@goodreads.com,Staff Accountant II
16,Demetre,Gridon,dgridonlt@baidu.com,Account Executive
16,Goldie,Kinrade,gkinradelu@opera.com,Account Representative I
16,Nerissa,Atwool,natwoollv@businesswire.com,Civil Engineer
16,Winifield,Boman,wbomanlw@infoseek.co.jp,Research Nurse
16,Virgil,Chumley,vchumleylx@whitehouse.gov,Junior Executive
16,Lukas,Micklewicz,lmicklewiczly@boston.com,Registered Nurse
16,Cad,Stowell,cstowelllz@admin.ch,Software Test Engineer III
16,Katerine,Stiven,kstivenm0@youtube.com,Compensation Analyst
16,Moina,Ryal,mryalm1@storify.com,Physical Therapy Assistant
16,Clint,Sherburn,csherburnm2@mayoclinic.com,Chief Design Engineer
16,Waldemar,Basek,wbasekm3@ameblo.jp,Financial Advisor
16,Bronnie,Haining,bhainingm4@goodreads.com,Technical Writer
16,Mikaela,Cavanagh,mcavanaghm5@hhs.gov,Staff Accountant II
16,Terence,Hannum,thannumm6@twitter.com,Legal Assistant
16,Jacqui,Dell,jdellm7@google.ru,VP Product Management
17,Rodrick,Larking,rlarkingm8@bloglines.com,Technical Writer
17,Arthur,Lamprecht,alamprechtm9@usnews.com,Project Manager
17,Chaddy,Kimmince,ckimmincema@360.cn,Safety Technician IV
17,Sheffie,Paulin,spaulinmb@soup.io,Accounting Assistant I
17,Lela,Pryde,lprydemc@buzzfeed.com,Clinical Specialist
17,Edee,Ladd,eladdmd@usa.gov,Research Associate
17,Melantha,Oates,moatesme@va.gov,Developer IV
17,Kahaleel,Agdahl,kagdahlmf@newsvine.com,Computer Systems Analyst IV
17,Galina,Gundrey,ggundreymg@shareasale.com,Internal Auditor
17,Townie,Codman,tcodmanmh@imgur.com,Chief Design Engineer
17,Fiann,Hathway,fhathwaymi@hhs.gov,Automation Specialist I
17,Roley,Sarge,rsargemj@sakura.ne.jp,Speech Pathologist
17,Fredrick,Rheubottom,frheubottommk@un.org,Pharmacist
17,Olly,Preedy,opreedyml@weebly.com,Operator
17,Andonis,Walkey,awalkeymm@globo.com,Occupational Therapist
17,Gav,Vannuchi,gvannuchimn@seesaa.net,Staff Accountant III
17,Giavani,Hedling,ghedlingmo@example.com,Assistant Media Planner
17,Coletta,Quiney,cquineymp@yellowbook.com,Associate Professor
17,Loren,Ralestone,lralestonemq@newsvine.com,Occupational Therapist
17,Samantha,Olek,solekmr@uol.com.br,Environmental Tech
17,Graehme,McGraith,gmcgraithms@twitpic.com,Actuary
17,Lanie,Seer,lseermt@unblog.fr,Compensation Analyst
17,Evangelia,Weakley,eweakleymu@berkeley.edu,Technical Writer
17,Gwenette,Trounson,gtrounsonmv@google.co.jp,Executive Secretary
17,Randee,Purcell,rpurcellmw@microsoft.com,Analog Circuit Design manager
17,Sasha,Aleksandrev,saleksandrevmx@toplist.cz,Environmental Specialist
17,Chas,Lober,clobermy@ed.gov,Human Resources Assistant I
17,Angelica,Terran,aterranmz@comsenz.com,Marketing Manager
17,Channa,Harflete,charfleten0@shutterfly.com,Dental Hygienist
17,Corene,Grishagin,cgrishaginn1@twitpic.com,Social Worker
17,Elly,Rocks,erocksn2@timesonline.co.uk,Systems Administrator I
17,Frederico,Bachman,fbachmann3@nih.gov,Web Designer I
17,Carin,Brandone,cbrandonen4@istockphoto.com,Chief Design Engineer
17,Honor,Copeland,hcopelandn5@adobe.com,Human Resources Manager
17,Cherri,Mungan,cmungann6@lulu.com,Operator
17,Fonz,Fetherston,ffetherstonn7@wp.com,Quality Control Specialist
17,Donnell,Keal,dkealn8@usa.gov,Help Desk Operator
17,Tiffy,Halliberton,thallibertonn9@cornell.edu,Social Worker
17,Adolphe,Tumayan,atumayanna@dailymotion.com,Paralegal
17,Thatcher,Towse,ttowsenb@cdc.gov,Accountant III
17,Cy,Piccard,cpiccardnc@dion.ne.jp,Senior Cost Accountant
17,Brion,Jozwiak,bjozwiaknd@sciencedirect.com,Structural Analysis Engineer
17,Corny,Warmington,cwarmingtonne@lulu.com,Safety Technician II
17,Becka,Dummigan,bdummigannf@nps.gov,Accounting Assistant III
17,Davin,Tremontana,dtremontanang@freewebs.com,Analyst Programmer
17,Helyn,Hunnable,hhunnablenh@sitemeter.com,Senior Editor
17,Morris,Saltmarshe,msaltmarsheni@ebay.com,Biostatistician I
17,Brody,Croal,bcroalnj@miibeian.gov.cn,Budget/Accounting Analyst III
17,Cecilius,Arndell,carndellnk@merriam-webster.com,Safety Technician III
17,Martyn,Ginsie,mginsienl@engadget.com,Social Worker
18,Prince,Fullick,pfullicknm@netvibes.com,Human Resources Manager
18,Obidiah,Fielding,ofieldingnn@myspace.com,Budget/Accounting Analyst I
18,Andi,Watling,awatlingno@livejournal.com,VP Marketing
18,Farley,Cristobal,fcristobalnp@t.co,Account Representative I
18,Gretchen,Silbersak,gsilbersaknq@is.gd,Business Systems Development Analyst
18,Gibb,Carlson,gcarlsonnr@phoca.cz,General Manager
18,Cass,Bartoloma,cbartolomans@pbs.org,VP Marketing
18,Kristan,Arrol,karrolnt@wiley.com,Geological Engineer
18,Allyn,Vasenkov,avasenkovnu@diigo.com,Chief Design Engineer
18,Brant,Dodwell,bdodwellnv@nhs.uk,Analyst Programmer
18,Philomena,Snelle,psnellenw@goo.ne.jp,Internal Auditor
18,Freddy,Mityashev,fmityashevnx@bigcartel.com,Programmer III
18,Alexandra,Jell,ajellny@wired.com,Accounting Assistant I
18,Alessandro,Sumpner,asumpnernz@uol.com.br,Senior Developer
18,Olympia,Hylton,ohyltono0@europa.eu,Compensation Analyst
18,Elbertine,Burris,eburriso1@harvard.edu,Recruiting Manager
18,Madella,Tolle,mtolleo2@twitter.com,Quality Control Specialist
18,Florri,Sugg,fsuggo3@home.pl,Tax Accountant
18,Dallon,Connichie,dconnichieo4@hao123.com,Nurse
18,Andros,Chillistone,achillistoneo5@timesonline.co.uk,Food Chemist
18,Lincoln,Crother,lcrothero6@shareasale.com,VP Sales
18,Rubia,Cozens,rcozenso7@umn.edu,Pharmacist
18,Gratia,Walls,gwallso8@addthis.com,Office Assistant II
18,Shelly,Glendza,sglendzao9@51.la,Sales Associate
18,Nataniel,Giorgio,ngiorgiooa@cyberchimps.com,Human Resources Manager
18,Tasia,McDill,tmcdillob@go.com,Executive Secretary
18,Mallory,Beyne,mbeyneoc@mail.ru,Recruiter
18,Hildagard,Zambonini,hzamboniniod@google.ca,Recruiter
18,Ximenes,Harkess,xharkessoe@usgs.gov,VP Product Management
18,Kinsley,Rableau,krableauof@noaa.gov,Marketing Manager
18,Augustine,Gilardi,agilardiog@addthis.com,Geologist III
18,Trueman,Karpets,tkarpetsoh@freewebs.com,Physical Therapy Assistant
18,Linzy,Durdy,ldurdyoi@mysql.com,Associate Professor
18,Glynnis,Crighten,gcrightenoj@europa.eu,Business Systems Development Analyst
18,Roze,Hann,rhannok@artisteer.com,Media Manager I
18,Jeramie,Tender,jtenderol@nymag.com,Cost Accountant
18,Bette-ann,Scutchings,bscutchingsom@parallels.com,Internal Auditor
18,Ilysa,Gaydon,igaydonon@facebook.com,Staff Accountant IV
18,Claudette,Calloway,ccallowayoo@buzzfeed.com,Web Designer IV
18,Evvy,Lello,elelloop@harvard.edu,Human Resources Assistant II
18,Prentice,Heeran,pheeranoq@timesonline.co.uk,Director of Sales
18,Tillie,Churms,tchurmsor@a8.net,Financial Analyst
18,Alfonse,Rubenov,arubenovos@ft.com,VP Product Management
18,Trula,O' Meara,tomearaot@yahoo.com,Marketing Assistant
18,Regan,Muscat,rmuscatou@jiathis.com,Help Desk Operator
18,Livvyy,Harling,lharlingov@unicef.org,Senior Sales Associate
18,Toby,Northing,tnorthingow@blogspot.com,Community Outreach Specialist
18,Janek,Janacek,jjanacekox@utexas.edu,Human Resources Manager
18,Cash,Warnock,cwarnockoy@barnesandnoble.com,Accounting Assistant III
18,Berty,Westhofer,bwesthoferoz@cbslocal.com,Compensation Analyst
19,Thornie,Kayley,tkayleyp0@opensource.org,Librarian
19,Shandra,Ravenscroft,sravenscroftp1@barnesandnoble.com,Cost Accountant
19,Stacee,Dominetti,sdominettip2@prweb.com,Developer IV
19,Barde,Bentson,bbentsonp3@wikimedia.org,Teacher
19,Donia,McGuire,dmcguirep4@alibaba.com,Legal Assistant
19,Katalin,Glencrosche,kglencroschep5@foxnews.com,Statistician II
19,Paul,Garvill,pgarvillp6@wisc.edu,Marketing Assistant
19,Odessa,Billborough,obillboroughp7@addthis.com,Product Engineer
19,Henri,Dronsfield,hdronsfieldp8@gov.uk,VP Quality Control
19,Martin,McCarroll,mmccarrollp9@webs.com,Compensation Analyst
19,Hyman,Inglish,hinglishpa@narod.ru,Junior Executive
19,Cynthea,Kencott,ckencottpb@livejournal.com,Operator
19,Marissa,Leivesley,mleivesleypc@bbb.org,VP Product Management
19,Papageno,Pirkis,ppirkispd@hostgator.com,Junior Executive
19,Lucie,Jest,ljestpe@wsj.com,Assistant Manager
19,Felicdad,Ainscough,fainscoughpf@yellowbook.com,Project Manager
19,Courtney,Crellim,ccrellimpg@themeforest.net,Actuary
19,Marylynne,Varfolomeev,mvarfolomeevph@apple.com,Administrative Assistant III
19,Adda,Bonder,abonderpi@parallels.com,Desktop Support Technician
19,Wenonah,Brahams,wbrahamspj@nsw.gov.au,Database Administrator II
19,Cathi,MacTrustie,cmactrustiepk@sciencedaily.com,Administrative Assistant III
19,Russell,Volante,rvolantepl@marriott.com,Junior Executive
19,Cliff,Yeowell,cyeowellpm@abc.net.au,Teacher
19,Mariel,Klimaszewski,mklimaszewskipn@elpais.com,Senior Cost Accountant
19,Arturo,Pavek,apavekpo@mysql.com,Structural Engineer
19,Karlis,Jeppensen,kjeppensenpp@cisco.com,Programmer IV
19,Sabra,Witherby,switherbypq@cornell.edu,Civil Engineer
19,Tamar,Dommersen,tdommersenpr@symantec.com,Senior Quality Engineer
19,Dylan,Jeratt,djerattps@etsy.com,VP Sales
19,Francesco,Feige,ffeigept@newyorker.com,Software Engineer II
19,Viviana,Capoun,vcapounpu@state.gov,Safety Technician I
19,Brooks,Petit,bpetitpv@parallels.com,Nurse
19,Celinka,Learmonth,clearmonthpw@fotki.com,Mechanical Systems Engineer
19,Nye,Linney,nlinneypx@hatena.ne.jp,Speech Pathologist
19,Jany,Agget,jaggetpy@liveinternet.ru,Software Test Engineer IV
19,Jerrie,Lillywhite,jlillywhitepz@businessweek.com,Safety Technician III
19,Brett,McGilbon,bmcgilbonq0@umich.edu,Quality Control Specialist
19,Josias,Jager,jjagerq1@redcross.org,Database Administrator I
19,Zorana,MacGovern,zmacgovernq2@usa.gov,Human Resources Assistant IV
19,Sally,Vasey,svaseyq3@networksolutions.com,VP Quality Control
19,Ashien,Dalgetty,adalgettyq4@yahoo.co.jp,Accounting Assistant III
19,Kristofer,Bjorkan,kbjorkanq5@springer.com,VP Product Management
19,Englebert,Coverdale,ecoverdaleq6@woothemes.com,Research Nurse
19,Ara,Aingell,aaingellq7@liveinternet.ru,Design Engineer
19,Whitney,Campsall,wcampsallq8@sitemeter.com,Teacher
19,Nevin,Oley,noleyq9@youku.com,Legal Assistant
19,Sheeree,Felce,sfelceqa@sourceforge.net,Design Engineer
19,Nancey,Poetz,npoetzqb@topsy.com,VP Quality Control
19,Burt,Dring,bdringqc@nytimes.com,Software Engineer IV
19,Sherwin,Massot,smassotqd@msu.edu,Food Chemist
20,Rodney,Witling,rwitlingqe@tmall.com,Nuclear Power Engineer
20,Madonna,Legate,mlegateqf@youku.com,Financial Advisor
20,Deb,Cosson,dcossonqg@aol.com,Automation Specialist IV
20,Jacquelin,O'Kennedy,jokennedyqh@blogger.com,Software Test Engineer II
20,Heda,Brahms,hbrahmsqi@printfriendly.com,Senior Developer
20,Marys,Brinicombe,mbrinicombeqj@geocities.com,Technical Writer
20,Merrick,Corker,mcorkerqk@ezinearticles.com,Product Engineer
20,Junette,Ottiwill,jottiwillql@mapy.cz,General Manager
20,Vivian,Raccio,vraccioqm@opera.com,Legal Assistant
20,Cherise,McCunn,cmccunnqn@hubpages.com,Junior Executive
20,Wendie,Claque,wclaqueqo@geocities.com,Social Worker
20,Inna,Excell,iexcellqp@angelfire.com,Media Manager I
20,Hunt,Kevane,hkevaneqq@google.nl,Senior Editor
20,Nannette,Dammarell,ndammarellqr@walmart.com,Data Coordiator
20,Leigha,Tiddy,ltiddyqs@goo.ne.jp,Electrical Engineer
20,Jonell,Addison,jaddisonqt@1688.com,Actuary
20,Delainey,Leidl,dleidlqu@dell.com,Accountant IV
20,Odetta,Caldecot,ocaldecotqv@diigo.com,Analog Circuit Design manager
20,Moyna,Ranyelld,mranyelldqw@dagondesign.com,Structural Engineer
20,Melisande,La Torre,mlatorreqx@homestead.com,Social Worker
20,Flor,Andrasch,fandraschqy@yellowbook.com,Research Nurse
20,Ella,Kermeen,ekermeenqz@huffingtonpost.com,Data Coordiator
20,Culley,Tungate,ctungater0@elegantthemes.com,Paralegal
20,Athene,Spalding,aspaldingr1@google.fr,Financial Advisor
20,Kara-lynn,Zelner,kzelnerr2@whitehouse.gov,VP Accounting
20,Ina,Askaw,iaskawr3@parallels.com,Nurse Practicioner
20,Shurlock,Children,schildrenr4@tripadvisor.com,Structural Engineer
20,Far,Grigg,fgriggr5@gmpg.org,Developer III
20,Ab,Conn,aconnr6@wisc.edu,Safety Technician II
20,Matthus,Wimbridge,mwimbridger7@behance.net,Senior Cost Accountant
20,Conway,McIlwrick,cmcilwrickr8@chicagotribune.com,Help Desk Technician
20,Raymund,Dolan,rdolanr9@ucsd.edu,Director of Sales
20,Damita,Deniset,ddenisetra@example.com,Director of Sales
20,Quintana,Dedon,qdedonrb@berkeley.edu,Desktop Support Technician
20,Georgie,Rider,griderrc@msn.com,Office Assistant I
20,Arin,Wadie,awadierd@microsoft.com,Web Developer I
20,Ajay,Bucher,abucherre@va.gov,Associate Professor
20,Ware,Larimer,wlarimerrf@sciencedaily.com,Web Developer III
20,Fin,Talloe,ftalloerg@china.com.cn,Financial Advisor
20,Kirby,Chafer,kchaferrh@kickstarter.com,Database Administrator IV
20,Leonore,Ellse,lellseri@ocn.ne.jp,Administrative Officer
20,Tressa,Elbourn,telbournrj@symantec.com,Civil Engineer
20,Thaddus,Prium,tpriumrk@hibu.com,Editor
20,Bordie,Worg,bworgrl@networkadvertising.org,Nuclear Power Engineer
20,Felipe,MacNab,fmacnabrm@e-recht24.de,Engineer I
20,Gerta,Bullick,gbullickrn@i2i.jp,Product Engineer
20,Janis,Comizzoli,jcomizzoliro@vistaprint.com,Community Outreach Specialist
20,Kay,Orwin,korwinrp@cdc.gov,Recruiter
20,Correna,Gibbins,cgibbinsrq@squarespace.com,Quality Control Specialist
20,Cary,Berks,cberksrr@barnesandnoble.com,Marketing Manager
